,Unnamed: 0,publicationName,source_id,issn,eIssn,aggregationType,count,q_issn
0,0,Journal of Great Lakes Research,17510,03801330,,Journal,63.0,03801330
1,1,Canadian Journal of Fisheries and Aquatic Sciences,12016,0706652X,12057533,Journal,60.0,12057533
2,2,Environmental Toxicology and Chemistry,25094,07307268,15528618,Journal,38.0,15528618
3,3,Animal Behaviour,24580,00033472,,Journal,31.0,00033472
4,4,Biological Invasions,13257,13873547,15731464,Journal,29.0,15731464
5,5,Environmental Science and Technology,21537,0013936X,15205851,Journal,26.0,15205851
6,6,Molecular Ecology,20297,09621083,1365294X,Journal,24.0,1365294X
7,7,Journal of Fish Biology,22560,00221112,10958649,Journal,24.0,10958649
8,8,Hydrobiologia,15168,00188158,15735117,Journal,23.0,15735117
9,9,PLoS ONE,10600153309,,19326203,Journal,22.0,19326203
10,10,Ecology and Evolution,21100264002,,20457758,Journal,19.0,20457758
11,11,Freshwater Biology,15112,00465070,13652427,Journal,19.0,13652427
12,12,Diversity and Distributions,14551,13669516,14724642,Journal,18.0,14724642
13,13,Journal of Evolutionary Biology,18920,1010061X,14209101,Journal,18.0,14209101
14,14,Journal of Avian Biology,22035,09088857,1600048X,Journal,18.0,1600048X
15,15,Chemosphere,24657,00456535,18791298,Journal,16.0,18791298
16,16,Behavioral Ecology,13151,10452249,14657279,Journal,16.0,14657279
17,17,Proceedings of the Royal Society B: Biological Sciences,130030,09628452,14712954,Journal,14.0,14712954
18,18,Science of the Total Environment,25349,00489697,18791026,Journal,13.0,18791026
19,19,Bulletin of Environmental Contamination and Toxicology,24624,00074861,14320800,Journal,13.0,14320800
20,20,Heredity,22235,0018067X,13652540,Journal,13.0,13652540
21,21,Ethology,21489,01791613,14390310,Journal,13.0,14390310
22,22,International Journal of Hydrogen Energy,26991,03603199,,Journal,13.0,03603199
23,23,Ecological Applications,20287,,19395582,Journal,12.0,19395582
24,24,Oecologia,12925,00298549,,Journal,12.0,00298549
25,25,Marine Ecology Progress Series,12169,01718630,,Journal,12.0,01718630
26,26,Limnology and Oceanography,29576,,19395590,Journal,12.0,19395590
27,27,Conservation Genetics,22069,15660621,15729737,Journal,11.0,15729737
28,28,Canadian Journal of Zoology,24765,00084301,,Journal,11.0,00084301
29,29,Bioacoustics,24714,09524622,21650586,Journal,10.0,21650586
30,30,Behaviour,24713,00057959,1568539X,Journal,10.0,1568539X
31,31,Aquaculture,29419,00448486,,Journal,10.0,00448486
32,32,Environmental Pollution,23916,02697491,18736424,Journal,9.0,18736424
33,33,Auk,20977,00048038,,Journal,9.0,00048038
34,34,General and Comparative Endocrinology,26113,00166480,10956840,Journal,9.0,10956840
35,35,Behavioral Ecology and Sociobiology,22803,03405443,,Journal,9.0,03405443
36,36,Journal of Ornithology,22037,21937192,21937206,Journal,9.0,21937206
37,37,Journal of Experimental Biology,29605,00220949,,Journal,9.0,00220949
38,38,Transactions of the American Fisheries Society,29411,00028487,15488659,Journal,9.0,15488659
39,39,Aquatic Ecosystem Health and Management,16730,14634988,15394077,Journal,8.0,15394077
40,40,"Journal of Comparative Physiology A: Neuroethology, Sensory, Neural, and Behavioral Physiology",23456,03407594,14321351,Journal,8.0,14321351
41,41,Journal of Field Ornithology,22036,02738570,15579263,Journal,8.0,15579263
42,42,Condor,21554,00105422,,Journal,8.0,00105422
43,43,Marine Biology,12165,00253162,,Journal,8.0,00253162
44,44,Cell Cycle,18455,15384101,15514005,Journal,8.0,15514005
45,45,Science,23571,00368075,10959203,Journal,8.0,10959203
46,46,Journal of Applied Ecology,29547,00218901,13652664,Journal,7.0,13652664
47,47,Ecology Letters,14599,1461023X,14610248,Journal,7.0,14610248
48,48,Physiological and Biochemical Zoology,23318,15222152,,Journal,7.0,15222152
49,49,Journal of Comparative Neurology,16689,00219967,10969861,Journal,7.0,10969861
50,50,American Naturalist,12604,00030147,,Journal,7.0,00030147
51,51,Ecological Modelling,23274,03043800,,Journal,7.0,03043800
52,52,Archives of Environmental Contamination and Toxicology,24603,00904341,14320703,Journal,7.0,14320703
53,53,Canadian Entomologist,19716,0008347X,19183240,Journal,7.0,19183240
54,54,Functional Ecology,18002,02698463,13652435,Journal,6.0,13652435
55,55,Journal of Medical Entomology,20491,00222585,19382928,Journal,6.0,19382928
56,56,Genetica,22171,00166707,15736857,Journal,6.0,15736857
57,57,Hormones and Behavior,26133,0018506X,10956867,Journal,6.0,10956867
58,58,Plant Journal,16612,09607412,,Journal,6.0,09607412
59,59,Nature,21206,00280836,14764687,Journal,5.0,14764687
60,60,Journal of Cell Science,18556,00219533,14779137,Journal,5.0,14779137
61,61,Marine Pollution Bulletin,24024,0025326X,18793363,Journal,5.0,18793363
62,62,Comparative Biochemistry and Physiology - A Molecular and Integrative Physiology,3500148021,10956433,15314332,Journal,5.0,15314332
63,63,Journal of Neurophysiology,23475,00223077,,Journal,5.0,00223077
64,64,Polar Biology,13048,07224060,,Journal,5.0,07224060
65,65,Journal of Neuroscience,16764,02706474,15292401,Journal,5.0,15292401
66,66,Rapid Communications in Mass Spectrometry,24088,09514198,10970231,Journal,5.0,10970231
67,67,Ornitologia Neotropical,4700152417,10754377,,Journal,5.0,10754377
68,68,Molecular Ecology Notes,20299,14718278,14718286,Journal,5.0,14718286
69,69,Hearing Research,13707,03785955,18785891,Journal,5.0,18785891
70,70,Environmental Entomology,20311,0046225X,19382936,Journal,5.0,19382936
71,71,Conservation Biology,17822,08888892,15231739,Journal,5.0,15231739
72,72,Gene,15636,03781119,,Journal,5.0,03781119
73,73,Development,14531,09501991,14779129,Journal,5.0,14779129
74,74,Journal of Heredity,18926,00221503,14657333,Journal,5.0,14657333
75,76,Entomologia Experimentalis et Applicata,19793,00138703,15707458,Journal,4.0,15707458
76,77,Biology Letters,145678,17449561,1744957X,Journal,4.0,1744957X
77,78,Theriogenology,18903,0093691X,,Journal,4.0,0093691X
78,79,Integrated Environmental Assessment and Management,4400151417,15513793,,Journal,4.0,15513793
79,80,Developmental Biology,14536,00121606,1095564X,Journal,4.0,1095564X
80,81,Journal of Experimental Marine Biology and Ecology,29606,00220981,,Journal,4.0,00220981
81,82,Methods in Ecology and Evolution,21100217611,,2041210X,Journal,4.0,2041210X
82,83,Current Biology,15537,09609822,,Journal,4.0,09609822
83,84,Aquaculture Research,29427,1355557X,,Journal,4.0,1355557X
84,85,Biochemistry and Cell Biology,16870,08298211,12086002,Journal,4.0,12086002
85,86,Fish Physiology and Biochemistry,21930,09201742,,Journal,4.0,09201742
86,87,Wetlands,19429,02775212,19436246,Journal,4.0,19436246
87,88,Journal of Cell Biology,18555,00219525,15408140,Journal,4.0,15408140
88,89,Wilson Journal of Ornithology,4400151710,15594491,,Journal,4.0,15594491
89,90,Evolutionary Applications,19400157205,17524563,17524571,Journal,4.0,17524571
90,91,Royal Society Open Science,21100446014,,20545703,Journal,4.0,20545703
91,92,Aquatic Biology,17300154739,18647782,18647790,Journal,4.0,18647790
92,93,Freshwater Science,21100297824,21619549,21619565,Journal,4.0,21619565
93,94,Journal of the Acoustical Society of America,12936,00014966,,Journal,4.0,00014966
94,95,Biological Journal of the Linnean Society,29771,00244066,10958312,Journal,3.0,10958312
95,96,Journal of Morphology,29629,03622525,10974687,Journal,3.0,10974687
96,97,Scientific Reports,21100200805,,20452322,Journal,3.0,20452322
97,99,Environmental Biology of Fishes,21487,03781909,15735133,Journal,3.0,15735133
98,100,Molecular Ecology Resources,11700154306,1755098X,17550998,Journal,3.0,17550998
99,101,Molecular Phylogenetics and Evolution,18965,10557903,10959513,Journal,3.0,10959513
100,102,Water research,18795,,18792448,Journal,3.0,18792448
101,103,Marine and Freshwater Research,27846,13231650,,Journal,3.0,13231650
102,104,Conservation Genetics Resources,19400158520,18777252,18777260,Journal,3.0,18777260
103,105,Genome,22211,08312796,,Journal,3.0,08312796
104,106,Biocontrol Science and Technology,36197,09583157,13600478,Journal,3.0,13600478
105,107,Proceedings of the National Academy of Sciences of the United States of America,21121,00278424,10916490,Journal,3.0,10916490
106,108,EMBO Journal,17435,02614189,14602075,Journal,3.0,14602075
107,109,Environment International,20912,01604120,18736750,Journal,3.0,18736750
108,110,BMC Cancer,28747,,14712407,Journal,3.0,14712407
109,111,Plant Cell Reports,16595,07217714,1432203X,Journal,3.0,1432203X
110,112,Plant Cell,16594,10404651,,Journal,3.0,10404651
111,113,Brain Research,14346,00068993,,Journal,3.0,00068993
112,114,Trends in Ecology and Evolution,14365,01695347,,Journal,3.0,01695347
113,116,NeoBiota,21100464918,16190033,13142488,Journal,3.0,13142488
114,117,"Water, Air, and Soil Pollution",24554,00496979,15732932,Journal,3.0,15732932
115,118,Environmental Research,21524,00139351,10960953,Journal,3.0,10960953
116,119,Evolution,22104,00143820,15585646,Journal,3.0,15585646
117,120,Environmental Monitoring and Assessment,21482,01676369,15732959,Journal,3.0,15732959
118,121,Archiv fur Hydrobiologie,13046,00039136,,Journal,3.0,00039136
119,122,Marine Biodiversity,18300156716,18671616,18671624,Journal,3.0,18671624
120,123,Deep-Sea Research Part I: Oceanographic Research Papers,26830,09670637,,Journal,3.0,09670637
121,124,Neuroscience Letters,18046,03043940,,Journal,3.0,03043940
122,125,Journal of Toxicology and Environmental Health - Part A: Current Issues,25151,15287394,10872620,Journal,3.0,10872620
123,126,Journal of Neurogenetics,16746,01677063,15635260,Journal,3.0,15635260
124,127,BioScience,13768,00063568,15253244,Journal,3.0,15253244
125,128,Coral Reefs,26825,07224028,,Journal,3.0,07224028
126,129,Integrative and Comparative Biology,22023,15407063,15577023,Journal,3.0,15577023
127,130,Biological Conservation,17244,00063207,,Journal,3.0,00063207
128,131,Developmental Dynamics,14538,10588388,10970177,Journal,3.0,10970177
129,132,Elementa,21100777486,,23251026,Journal,2.0,23251026
130,133,Ecotoxicology,25075,09639292,,Journal,2.0,09639292
131,134,Physiologia Plantarum,16530,00319317,13993054,Journal,2.0,13993054
132,135,Plant Physiology,16615,00320889,,Journal,2.0,00320889
133,136,Journal of the American Water Resources Association,19640,1093474X,17521688,Journal,2.0,17521688
134,137,The Anatomical Record,34913,0003276X,10970185,Journal,2.0,10970185
135,138,Nucleic Acids Research,14204,03051048,,Journal,2.0,03051048
136,139,Blood,25454,00064971,,Journal,2.0,00064971
137,140,Journal of Neurocytology,18573,03004864,,Journal,2.0,03004864
138,141,Current Zoology,17600155124,16745507,,Journal,2.0,16745507
139,142,"Brain, Behavior and Evolution",14323,00068977,,Journal,2.0,00068977
140,143,American Journal of Primatology,24131,02752565,10982345,Journal,2.0,10982345
141,144,African Journal of Marine Science,19700184700,1814232X,18142338,Journal,2.0,18142338
142,145,Plant Molecular Biology,13042,01674412,,Journal,2.0,01674412
143,147,Naturwissenschaften,21662,00281042,,Journal,2.0,00281042
144,148,Nature Genetics,18990,10614036,,Journal,2.0,10614036
145,149,Fundamental and Applied Limnology,5400152636,18639135,,Journal,2.0,18639135
146,151,ICES Journal of Marine Science,27298,10543139,10959289,Journal,2.0,10959289
147,152,Evolutionary Ecology Research,21608,15220613,,Journal,2.0,15220613
148,153,Environmental Reviews,21527,11818700,,Journal,2.0,11818700
149,154,Journal of Forensic Sciences,27769,00221198,,Journal,2.0,00221198
150,155,Cancer Research,29183,00085472,,Journal,2.0,00085472
151,156,Emu,21574,01584197,,Journal,2.0,01584197
152,157,Environmental Management,21478,0364152X,14321009,Journal,2.0,14321009
153,158,Canadian Journal of Plant Pathology,17405,07060661,17152992,Journal,2.0,17152992
154,159,Journal of the North American Benthological Society,12904,08873593,,Journal,2.0,08873593
155,160,Journal of the Marine Biological Association of the United Kingdom,12162,00253154,14697769,Journal,2.0,14697769
156,161,Copeia,21399,00458511,,Journal,2.0,00458511
157,162,Seminars in Cancer Biology,24046,1044579X,10963650,Journal,2.0,10963650
158,163,Developmental Brain Research,15034,01653806,,Journal,2.0,01653806
159,164,Plant Science,16620,01689452,,Journal,2.0,01689452
160,166,MGG Molecular &amp; General Genetics,32876,00268925,16174623,Journal,2.0,16174623
161,167,Molecular Breeding,19357,13803743,,Journal,2.0,13803743
162,168,BMC Genomics,21727,,14712164,Journal,2.0,14712164
163,169,Biology of Reproduction,13703,00063363,15297268,Journal,2.0,15297268
164,170,Stem Cells,14272,10665099,,Journal,2.0,10665099
165,171,Journal of Animal Ecology,29544,00218790,13652656,Journal,2.0,13652656
166,172,Genesis,22142,1526954X,1526968X,Journal,2.0,1526968X
167,173,Theoretical and Applied Genetics,19046,00405752,14322242,Journal,2.0,14322242
168,174,British Phycological Journal,67985,00071617,,Journal,2.0,00071617
169,175,Aquatic Toxicology,24602,0166445X,18791514,Journal,2.0,18791514
170,176,Journal of Biogeography,29269,03050270,13652699,Journal,2.0,13652699
171,177,Management of Biological Invasions,21100790931,,19898649,Journal,2.0,19898649
172,178,Biodiversity and Conservation,17242,09603115,15729710,Journal,2.0,15729710
173,179,PLoS biology,12977,,15457885,Journal,2.0,15457885
174,180,Frontiers in Microbiology,21100226442,,1664302X,Journal,2.0,1664302X
175,181,Zootaxa,4700151916,11755326,11755334,Journal,2.0,11755334
176,182,Frontiers in Marine Science,21100790929,,22967745,Journal,2.0,22967745
177,183,Ecology,20308,00129658,,Journal,2.0,00129658
178,184,Biological Control,13256,10499644,,Journal,2.0,10499644
179,185,Ecological Indicators,20292,1470160X,,Journal,2.0,1470160X
180,186,Journal of Environmental Management,23371,03014797,10958630,Journal,2.0,10958630
181,187,Water (Switzerland),21100255400,,20734441,Journal,2.0,20734441
182,188,Applied Geochemistry,24615,08832927,18729134,Journal,2.0,18729134
183,189,Global Change Biology,15131,13541013,13652486,Journal,2.0,13652486
184,190,"G3: Genes, Genomes, Genetics",21100232417,,21601836,Journal,2.0,21601836
185,191,Canadian Field-Naturalist,20071,00083550,,Journal,2.0,00083550
186,192,Insect Science,11300153701,16729609,17447917,Journal,2.0,17447917
187,193,BMC Plant Biology,16794,,14712229,Journal,2.0,14712229
188,194,Ecography,20276,09067590,16000587,Journal,2.0,16000587
189,196,Forensic Science International,27743,03790738,18726283,Journal,2.0,18726283
190,197,Microbial Ecology,20266,00953628,,Journal,2.0,00953628
191,199,Frontiers in Plant Science,21100313905,,1664462X,Journal,2.0,1664462X
192,200,Frontiers in Neural Circuits,19700175165,16625110,,Journal,2.0,16625110
193,201,Conservation Physiology,21100776051,,20511434,Journal,2.0,20511434
194,202,Frontiers in Ecology and the Environment,144675,15409295,15409309,Journal,2.0,15409309
195,203,Neuroscience,18042,03064522,18737544,Journal,2.0,18737544
196,204,Ibis,22021,00191019,1474919X,Journal,2.0,1474919X
197,205,Frontiers in Ecology and Evolution,21100834704,,2296701X,Journal,2.0,2296701X
198,206,Nature Geoscience,17600155041,17520894,17520908,Journal,2.0,17520908
199,207,Molecular Biology of the Cell,18605,10591524,,Journal,1.0,10591524
200,208,Global and Planetary Change,27049,09218181,,Journal,1.0,09218181
201,209,Journal of Applied Toxicology,25126,0260437X,10991263,Journal,1.0,10991263
202,210,Geosciences (Switzerland),21100284944,,20763263,Journal,1.0,20763263
203,211,American Fisheries Society Symposium,29410,08922284,,Journal,1.0,08922284
204,212,Journal of Wildlife Management,18609,0022541X,,Journal,1.0,0022541X
205,214,Journal of Water and Health,17512,14778920,,Journal,1.0,14778920
206,215,Perspectives in Ecology and Conservation,21100817643,25300644,,Journal,1.0,25300644
207,216,Analytical Biochemistry,16789,00032697,,Journal,1.0,00032697
208,217,Marine Biology Research,100147333,17451000,17451019,Journal,1.0,17451019
209,218,Endocrine-Related Cancer,26035,13510088,14796821,Journal,1.0,14796821
210,219,Journal of Experimental Zoology Part B: Molecular and Developmental Evolution,22556,0022104X,,Journal,1.0,0022104X
211,220,Aquatic Botany,16728,03043770,,Journal,1.0,03043770
212,221,American Journal of Bioethics,21676,15265161,15360075,Journal,1.0,15360075
213,222,Progress in cell cycle research,19022,10872957,,Journal,1.0,10872957
214,223,Journal of Entomological Science,20481,07498004,,Journal,1.0,07498004
215,224,Northeastern Naturalist,19941,10926194,,Journal,1.0,10926194
216,226,Oncogene,12523,09509232,,Journal,1.0,09509232
217,227,Journal of Insect Behavior,20484,08927553,,Journal,1.0,08927553
218,228,Journal of Chromatography B: Analytical Technologies in the Biomedical and Life Sciences,24172,15700232,,Journal,1.0,15700232
219,229,Stem Cell Reports,21100248838,22136711,,Journal,1.0,22136711
220,230,Canadian Acoustics - Acoustique Canadienne,12971,07116659,,Journal,1.0,07116659
221,231,Journal of Proteome Research,17625,15353893,,Journal,1.0,15353893
222,232,Journal of the Science of Food and Agriculture,33928,00225142,10970010,Journal,1.0,10970010
223,233,Journal of Comparative Psychology,15431,07357036,,Journal,1.0,07357036
224,234,Hormone and Metabolic Research,26119,00185043,,Journal,1.0,00185043
225,236,Diatom Research,17972,0269249X,21598347,Journal,1.0,21598347
226,237,International Journal of Remote Sensing,22674,01431161,13665901,Journal,1.0,13665901
227,238,Journal of Chromatography A,130000,00219673,,Journal,1.0,00219673
228,239,Toxicological Sciences,25218,10966080,10960929,Journal,1.0,10960929
229,240,Water SA,19375,03784738,18167950,Journal,1.0,18167950
230,241,Developmental and Comparative Immunology,20775,0145305X,18790089,Journal,1.0,18790089
231,242,Ohio Journal of Science,22176,00300950,,Journal,1.0,00300950
232,244,Check List,19700188151,,1809127X,Journal,1.0,1809127X
233,245,American Journal of Obstetrics and Gynecology,30078,00029378,,Journal,1.0,00029378
234,246,Isotopes in Environmental and Health Studies,24138,10256016,14772639,Journal,1.0,14772639
235,247,Animal Conservation,17180,13679430,14691795,Journal,1.0,14691795
236,248,Kennedy Institute of Ethics Journal,16480,10546863,,Journal,1.0,10546863
237,249,Nature Ecology and Evolution,21100831440,,2397334X,Journal,1.0,2397334X
238,250,Oceanological Studies,66993,1505232X,,Journal,1.0,1505232X
239,251,Cancer Gene Therapy,29127,09291903,,Journal,1.0,09291903
240,252,Bioinformatics,17945,13674803,,Journal,1.0,13674803
241,253,IEEE Journal of Oceanic Engineering,17277,03649059,,Journal,1.0,03649059
242,254,Mutation Research - Environmental Mutagenesis and Related Subjects,31756,01651161,,Journal,1.0,01651161
243,255,Cell &amp; Tissue Research,18446,0302766X,14320878,Journal,1.0,14320878
244,256,BioEssays,13174,02659247,15211878,Journal,1.0,15211878
245,258,Developmental Genetics,38446,0192253X,15206408,Journal,1.0,15206408
246,259,SAE Technical Papers,21100929537,0148-7191,2688-3627,Journal,1.0,2688-3627
247,260,Molecular Microbiology,20298,0950382X,,Journal,1.0,0950382X
248,261,Journal of Geochemical Exploration,23222,03756742,,Journal,1.0,03756742
249,262,Canadian Journal of Plant Science,17406,00084220,,Journal,1.0,00084220
250,263,Clinical Biochemistry,16954,00099120,,Journal,1.0,00099120
251,264,Environmental Science and Pollution Research,23918,09441344,16147499,Journal,1.0,16147499
252,265,Current Genetics,22074,01728083,14320983,Journal,1.0,14320983
253,266,Chinese Journal of Biomedical Engineering,21456,02588021,,Journal,1.0,02588021
254,267,Chemical Senses,23377,0379864X,,Journal,1.0,0379864X
255,268,Avian Research,21100468931,,20537166,Journal,1.0,20537166
256,269,Applied Animal Behaviour Science,24609,01681591,,Journal,1.0,01681591
257,270,Monographs in developmental biology,96436,00770825,,Journal,1.0,00770825
258,271,Visual Neuroscience,19959,09525238,14698714,Journal,1.0,14698714
259,272,Microscopy Research and Technique,20920,1059910X,10970029,Journal,1.0,10970029
260,274,Trends in Genetics,19049,01689525,,Journal,1.0,01689525
261,275,Journal of Plankton Research,29635,01427873,,Journal,1.0,01427873
262,276,Chronobiology International,14409,07420528,15256073,Journal,1.0,15256073
263,277,Ecological Engineering,20291,09258574,,Journal,1.0,09258574
264,279,Planta,16646,00320935,14322048,Journal,1.0,14322048
265,280,Water Resources Bulletin,39598,00431370,,Journal,1.0,00431370
266,281,Reviews on Environmental Health,25263,00487554,,Journal,1.0,00487554
267,282,BioTechniques,15459,07366205,,Journal,1.0,07366205
268,283,Journal of Cellular Biochemistry,17598,07302312,,Journal,1.0,07302312
269,284,Annals of Surgical Oncology,39465,10689265,,Journal,1.0,10689265
270,285,Applied and Environmental Microbiology,19618,00992240,,Journal,1.0,00992240
271,286,JARO - Journal of the Association for Research in Otolaryngology,13744,15253961,,Journal,1.0,15253961
272,287,Mechanisms of Development,18579,09254773,,Journal,1.0,09254773
273,288,FASEB Journal,15048,08926638,,Journal,1.0,08926638
274,289,Fisheries Science,12786,09199268,14442906,Journal,1.0,14442906
275,290,Biotechnology Advances,15461,07349750,,Journal,1.0,07349750
276,291,Lakes and Reservoirs: Research and Management,17567,13205331,14401770,Journal,1.0,14401770
277,292,Nature Structural Biology,39845,10728368,,Journal,1.0,10728368
278,293,Cancer Informatics,4700151712,,11769351,Journal,1.0,11769351
279,294,Experimental Cell Research,18532,00144827,,Journal,1.0,00144827
280,295,Biochemical and Biophysical Research Communications,16845,0006291X,,Journal,1.0,0006291X
281,296,Genome Research,22214,10889051,,Journal,1.0,10889051
282,297,Journal of Shellfish Research,22586,07308000,,Journal,1.0,07308000
283,299,Journal of Aquatic Ecosystem Stress and Recovery,70809,13861980,,Journal,1.0,13861980
284,300,New Zealand Journal of Marine and Freshwater Research,27910,00288330,11758805,Journal,1.0,11758805
285,301,Ecosystems,20343,14329840,,Journal,1.0,14329840
286,302,Genes and Development,22126,08909369,,Journal,1.0,08909369
287,303,Diabetologia,25584,0012186X,,Journal,1.0,0012186X
288,304,Biochimica et Biophysica Acta - Protein Structure and Molecular Enzymology,52056,01674838,,Journal,1.0,01674838
289,305,Nature Cell Biology,19014,14657392,,Journal,1.0,14657392
290,306,Mammalian Genome,18962,09388990,,Journal,1.0,09388990
291,307,Comparative Biochemistry and Physiology - C Pharmacology Toxicology and Endocrinology,15300154800,07428413,,Journal,1.0,07428413
292,308,Molecular Immunology,14156,01615890,,Journal,1.0,01615890
293,309,Experimental Neurology,15598,00144886,,Journal,1.0,00144886
294,310,North American Journal of Fisheries Management,17720,02755947,15488675,Journal,1.0,15488675
295,311,European Journal of Neuroscience,15550,0953816X,14609568,Journal,1.0,14609568
296,312,Behavioural Processes,14288,03766357,18728308,Journal,1.0,18728308
297,313,Brain Research Reviews,14351,01650173,,Journal,1.0,01650173
298,314,Journal of Arachnology,22540,01618202,,Journal,1.0,01618202
299,316,BMC Ecology,13115,,14726785,Journal,1.0,14726785
300,317,PLoS Genetics,4000151808,15537390,15537404,Journal,1.0,15537404
301,318,Ecological Complexity,20289,1476945X,,Journal,1.0,1476945X
302,322,Journal of Limnology,29608,11295767,,Journal,1.0,11295767
303,323,Energy,29348,03605442,,Journal,1.0,03605442
304,324,Autophagy,3900148405,15548627,15548635,Journal,1.0,15548635
305,325,Bioscience Education,21100220137,,14797860,Journal,1.0,14797860
306,326,Oikos,24674,00301299,16000706,Journal,1.0,16000706
307,327,X-Ray Spectrometry,24571,00498246,10974539,Journal,1.0,10974539
308,329,Journal of Experimental Zoology Part A: Ecological Genetics and Physiology,5200153114,19325223,19325231,Journal,1.0,19325231
309,330,Journal of International Wildlife Law and Policy,23416,13880292,15481476,Journal,1.0,15481476
310,331,Evolutionary Biology,22105,00713260,,Journal,1.0,00713260
311,332,Journal of Herpetology,22562,00221511,,Journal,1.0,00221511
312,334,Human Dimensions of Wildlife,5800173380,10871209,1533158X,Journal,1.0,1533158X
313,335,Cell Reports,21100201068,,22111247,Journal,1.0,22111247
314,336,Oncotarget,19900191708,,19492553,Journal,1.0,19492553
315,338,Clinical and Experimental Metastasis,29256,02620898,15737276,Journal,1.0,15737276
316,339,Evolutionary Ecology,21606,02697653,,Journal,1.0,02697653
317,340,Reproductive Biology,69085,1642431X,,Journal,1.0,1642431X
318,341,Journal of Environmental Quality,23375,00472425,15372537,Journal,1.0,15372537
319,344,Ozone: Science and Engineering,13656,01919512,15476545,Journal,1.0,15476545
320,345,Frontiers in Zoology,130152,,17429994,Journal,1.0,17429994
321,346,Breast Cancer Research and Treatment,28766,01676806,15737217,Journal,1.0,15737217
322,347,Journal of Insects as Food and Feed,21100830759,,23524588,Journal,1.0,23524588
323,348,Food Webs,21100365104,,23522496,Journal,1.0,23522496
324,349,Cytotechnology,18523,09209069,15730778,Journal,1.0,15730778
325,350,Animal Biotelemetry,21100810702,,20503385,Journal,1.0,20503385
326,351,Behavioural Brain Research,14285,01664328,18727549,Journal,1.0,18727549
327,353,Waste Management,26490,0956053X,18792456,Journal,1.0,18792456
328,356,Preventive Veterinary Medicine,18838,01675877,,Journal,1.0,01675877
329,357,Journal of Applied Ichthyology,22536,01758659,14390426,Journal,1.0,14390426
330,358,Biochemistry and Molecular Biology Education,58622,14708175,15393429,Journal,1.0,15393429
331,359,Leukemia and Lymphoma,26016,10428194,10292403,Journal,1.0,10292403
332,360,Renewable Energy,27569,09601481,18790682,Journal,1.0,18790682
333,361,Parasites and Vectors,17500154721,,17563305,Journal,1.0,17563305
334,362,Reviews in Fish Biology and Fisheries,23366,09603166,,Journal,1.0,09603166
335,363,Journal of Physiology,23478,00223751,14697793,Journal,1.0,14697793
336,364,Cancer Cell,29093,15356108,18783686,Journal,1.0,18783686
337,365,Journal of Biomedical Informatics,23706,15320464,,Journal,1.0,15320464
338,366,Fisheries,12760,03632415,,Journal,1.0,03632415
339,367,Waterbirds,50120,15244695,,Journal,1.0,15244695
340,368,Frontiers in Neurology,21100212316,,16642295,Journal,1.0,16642295
341,369,Oncoscience,21100446518,,23314737,Journal,1.0,23314737
342,371,Fisheries Management and Ecology,12762,0969997X,13652400,Journal,1.0,13652400
343,372,North American Journal of Aquaculture,17719,15222055,15488454,Journal,1.0,15488454
344,373,Journal of Chemical and Engineering Data,24158,00219568,15205134,Journal,1.0,15205134
345,374,European Journal of Cell Biology,18531,01719335,,Journal,1.0,01719335
346,375,Plant Pathology,16614,00320862,13653059,Journal,1.0,13653059
347,376,F1000 Biology Reports,19700176055,17404118,1757594X,Journal,1.0,1757594X
348,377,DNA Repair,17425,15687864,,Journal,1.0,15687864
349,378,Journal of Computational Biology,29581,10665277,,Journal,1.0,10665277
350,379,Toxicological and Environmental Chemistry,25217,02772248,10290486,Journal,1.0,10290486
351,380,Plant Disease,60195,01912917,,Journal,1.0,01912917
352,381,Animal Cognition,29520,14359448,,Journal,1.0,14359448
353,383,International Journal on Algae,19130,15219429,,Journal,1.0,15219429
354,384,International Journal of Developmental Biology,29499,02146282,,Journal,1.0,02146282
355,385,Bulletin of Entomological Research,19704,00074853,14752670,Journal,1.0,14752670
356,386,Ecosphere,21100307458,,21508925,Journal,1.0,21508925
357,387,Journal of the Royal Society Interface,4000151907,17425689,17425662,Journal,1.0,17425662
358,388,Immunogenetics,22271,00937711,14321211,Journal,1.0,14321211
359,389,Aquatic Conservation: Marine and Freshwater Ecosystems,17182,10527613,10990755,Journal,1.0,10990755
360,390,Ecological Entomology,19779,03076946,13652311,Journal,1.0,13652311
361,391,Journal of Biological Chemistry,17592,00219258,1083351X,Journal,1.0,1083351X
362,394,Biochimica et Biophysica Acta - Biomembranes,18406,00052736,,Journal,1.0,00052736
363,395,Cell Stress and Chaperones,29144,13558145,14661268,Journal,1.0,14661268
364,396,Journal of Theoretical Biology,29663,00225193,10958541,Journal,1.0,10958541
365,397,Acta Ethologica,24090,08739749,,Journal,1.0,08739749
366,398,Journal of Crustacean Biology,22543,02780372,,Journal,1.0,02780372
367,400,Journal of the Canadian Society of Forensic Science,12426,00085030,,Journal,1.0,00085030
368,401,Marine Environmental Research,24021,01411136,,Journal,1.0,01411136
369,402,Geobiology,4000148310,14724677,14724669,Journal,1.0,14724669
370,405,Journal of Coastal Conservation,27372,14000350,,Journal,1.0,14000350
371,406,Journal of Chemical Technology and Biotechnology,16083,02682575,10974660,Journal,1.0,10974660
372,407,Agronomy Journal,15639,00021962,14350645,Journal,1.0,14350645
373,408,ISME Journal,5800173382,17517362,17517370,Journal,1.0,17517370
374,409,Journal of Proteomics,11700154304,18743919,18767737,Journal,1.0,18767737
375,410,Current Opinion in Neurobiology,14992,09594388,18736882,Journal,1.0,18736882
376,411,Zebrafish,130177,15458547,,Journal,1.0,15458547
377,412,Antarctic Science,13040,09541020,13652079,Journal,1.0,13652079
378,413,Environmental Health Perspectives,21003,00916765,15529924,Journal,1.0,15529924
379,414,Molecular Neurobiology,14160,08937648,15591182,Journal,1.0,15591182
380,415,Ecology of Freshwater Fish,21449,09066691,16000633,Journal,1.0,16000633
381,416,Psyche (London),21100927282,00332615,16877438,Journal,1.0,16877438
382,417,Arctic,19348,00040843,19231245,Journal,1.0,19231245
383,419,Limnology and Oceanography: Methods,4400151737,,15415856,Journal,1.0,15415856
384,420,Bulletin of Insectology,19700173110,17218861,,Journal,1.0,17218861
385,421,Nature Methods,21100778827,15487091,15491676,Journal,1.0,15491676
386,422,Cell Stem Cell,6100153018,19345909,18759777,Journal,1.0,18759777
387,423,Journal of Chemical Ecology,23342,00980331,15731561,Journal,1.0,15731561
388,424,Aquatic Invasions,20000195048,17986540,,Journal,1.0,17986540
389,425,Drugs in R and D,21264,11745886,11796901,Journal,1.0,11796901
390,426,Ambio,22704,00447447,,Journal,1.0,00447447
391,428,Iranian Journal of Fisheries Sciences,19900193543,15622916,,Journal,1.0,15622916
392,429,Cellular and Molecular Gastroenterology and Hepatology,21100386500,,2352345X,Journal,1.0,2352345X
393,430,Endangered Species Research,10900153309,18635407,16134796,Journal,1.0,16134796
